Id,BIRTHDATE,DEATHDATE,SSN,DRIVERS,PASSPORT,PREFIX,FIRST,MIDDLE,LAST,SUFFIX,MAIDEN,MARITAL,RACE,ETHNICITY,GENDER,BIRTHPLACE,ADDRESS,CITY,STATE,COUNTY,FIPS,ZIP,LAT,LON,HEALTHCARE_EXPENSES,HEALTHCARE_COVERAGE,INCOME
fe621c76-a591-b7be-5668-b77f00240d82,2001-12-29,,999-83-4938,S99928423,X60273823X,Ms.,Malvina930,Leonia336,Rohan584,,,,white,nonhispanic,F,Hudson  Massachusetts  US,119 King Lock Apt 20,Boston,Massachusetts,Suffolk County,25025,02118,42.292642702229884,-71.06291182663924,5891.27,298460.31,11272
5f01f823-c8e8-9e40-c911-54b7b1ad843a,1969-07-11,,999-24-3495,S99940334,X33132045X,Mrs.,Min362,,McDermott739,,O'Connell601,M,white,nonhispanic,F,Conway  Massachusetts  US,764 Hudson Ferry Suite 54,Milton,Massachusetts,Norfolk County,25021,02186,42.272782654635925,-71.04375682836913,189706.47,685859.80,179290
cba958fc-9355-f095-bf77-d56a20511339,1997-03-28,,999-80-8661,S99983282,X32692847X,Mr.,Asa127,Rene434,Schroeder447,,,M,white,nonhispanic,M,Dudley  Massachusetts  US,519 Ziemann Overpass,Franklin,Massachusetts,Norfolk County,25021,02038,42.12964440321107,-71.43306576980645,49809.31,2049.70,55723
1f0dab59-2cb5-5b52-9687-536444ee049b,1973-11-15,,999-55-7402,S99943374,X614382X,Ms.,Lewis216,,Kautzer186,,,S,white,hispanic,F,Beverly  Massachusetts  US,461 Keebler Meadow Apt 13,Danvers,Massachusetts,Essex County,25009,01923,42.61073411447473,-71.00800968453157,42810.01,1317375.19,188501
a7796e87-b978-ed56-31f8-c93095b90340,1999-11-19,,999-20-8896,S99914770,X50559547X,Mr.,Jamison785,Garland107,Gusikowski974,,,,asian,nonhispanic,M,Shanghai  Shanghai Municipality  CN,886 Kshlerin Passage,Sudbury,Massachusetts,Middlesex County,,00000,42.374509049473424,-71.47081516347507,54566.70,33506.70,77367
a41e603d-0d7c-c89f-3be7-74117adc6390,1974-01-07,,999-72-3738,S99999081,X40231417X,Mrs.,Alena861,Alina705,Bayer639,,Green467,M,white,nonhispanic,F,Chelmsford  Massachusetts  US,1042 Bins Vale Apt 54,Becket,Massachusetts,Berkshire County,,00000,42.279880188914355,-73.11846304072974,597264.58,453680.30,70362
f2d6c82f-b4c7-a77f-75ea-4c91b3db2cf8,2008-08-07,,999-20-3508,S99981738,,,Earnest658,Chas63,Bahringer146,,,,black,nonhispanic,M,Falmouth  Massachusetts  US,967 Gulgowski Camp Apt 4,Boston,Massachusetts,Suffolk County,25025,02152,42.342188433754956,-71.01117929051009,56264.45,3817.70,91344
91be1bd7-1e12-99a1-d3fd-6eea14e5d70f,1997-11-26,,999-95-9852,S99980429,X50424576X,Mr.,Lincoln623,Nathan164,Buckridge80,,,S,white,nonhispanic,M,Agawam  Massachusetts  US,558 Batz Trace,Norton,Massachusetts,Bristol County,,00000,41.974975271977726,-71.21662083186104,93549.54,74369.21,31474
245f81d6-ebcb-1760-2db3-1bfccfd0bd3a,2020-01-25,,999-78-8788,,,,Taryn906,Ramonita441,Block661,,,,hawaiian,nonhispanic,F,Burlington  Massachusetts  US,966 Schiller Drive,Reading,Massachusetts,Middlesex County,25017,01801,42.573952669406765,-71.09095894587223,11184.88,9787.75,910661
6b82c03f-4c62-a4d2-023c-9815b8358f20,2018-12-09,,999-80-8119,,,,Reynaldo722,Hung902,Beatty507,,,,white,nonhispanic,M,Amherst  Massachusetts  US,442 Armstrong Plaza,Swansea,Massachusetts,Bristol County,,00000,41.721180140806815,-71.20036910250406,9084.04,14764.49,113192
93ee1e59-72a4-0103-39b9-c53658226ff0,2001-09-24,,999-14-4297,S99919242,X13086753X,Mr.,Darron84,Roscoe437,Johnston597,,,,white,nonhispanic,M,Taunton  Massachusetts  US,114 O'Reilly Key Unit 30,Fall River,Massachusetts,Bristol County,25005,02790,41.65108566627478,-71.19556400223874,4533.44,46789.94,15887
3c3acd7e-9e6e-1a80-eeee-f56757387c4d,1972-12-18,,999-19-8311,S99999283,X78393396X,Mr.,Jay242,Jacob959,Mayert710,,,M,white,nonhispanic,M,Wellesley  Massachusetts  US,943 Denesik Parade Apt 63,Duxbury,Massachusetts,Plymouth County,25023,02332,42.070424928187784,-70.75257082967518,122641.09,41031.49,351522
cf90297d-6047-8d20-e0d5-1331fcbba0b8,1994-01-28,,999-86-6772,S99988300,X52887033X,Mr.,Ramon749,Dwain139,Balistreri607,,,M,white,nonhispanic,M,Gloucester  Massachusetts  US,652 Waters Row,Taunton,Massachusetts,Bristol County,25005,02718,41.986056201631065,-71.08092926023778,70110.43,118915.51,74363
e3e0dfb2-7f65-65d3-14d9-b60f1ae391cf,1973-01-11,,999-86-1386,S99995918,X68227315X,Mr.,Rocco842,William805,Zulauf375,,,S,white,nonhispanic,M,Plymouth  Massachusetts  US,683 Powlowski Divide Unit 24,Boston,Massachusetts,Suffolk County,25025,02132,42.34289033104772,-71.08430303172814,199317.52,9910.46,54597
8a9c2020-eb9a-dc21-3eca-40e9b84c3581,1943-05-04,,999-96-9023,S99995479,X42528109X,Mrs.,Nakesha793,,Raynor401,,Herzog843,M,white,nonhispanic,F,Fairhaven  Massachusetts  US,473 Herzog View Suite 43,Lee,Massachusetts,Berkshire County,25003,01238,42.32471720702494,-73.21525417073977,283962.21,949886.18,587743
9c798cad-d40e-9ce0-cdd1-ad45a91749a6,1997-10-23,,999-14-1981,S99937553,X15683889X,Mr.,Lance203,Donnie175,Luettgen772,,,S,white,hispanic,M,Dracut  Massachusetts  US,948 Gulgowski Club,Malden,Massachusetts,Middlesex County,25017,02155,42.418265610961264,-71.06301382536647,59338.49,10807.06,59525
b07fc407-3857-309a-d77c-dc1b62776087,1968-12-15,2009-08-11,999-53-5203,S99951183,X52560322X,Mr.,Rich940,Jerome176,Huels583,,,S,white,nonhispanic,M,Quincy  Massachusetts  US,282 Schimmel Branch,Springfield,Massachusetts,Hampden County,25013,01109,42.16754984769922,-72.57937363641868,172526.26,0.00,46902
cfffd931-a052-128d-d0dd-7cbda6ad8465,1968-12-15,1970-03-21,999-52-4639,,,,Alphonso102,Jeffery551,Feil794,,,,white,nonhispanic,M,Boston  Massachusetts  US,1043 Harris Burg,Springfield,Massachusetts,Hampden County,25013,01020,42.15969995467877,-72.50480661119158,82770.52,4491.01,46902
bab42935-7382-afb9-ae91-d40a0580de5b,1999-09-26,,999-16-5863,S99924183,X30023704X,Mr.,Clint766,Willard975,Lockman863,,,,white,hispanic,M,Newbury  Massachusetts  US,966 Langosh Pathway,Easthampton,Massachusetts,Hampshire County,25015,01027,42.2902850189723,-72.73058183856922,104221.48,75886.52,76147
a9b60932-d725-dea6-fd7d-7596e770bbf3,1925-05-29,2011-11-24,999-38-1731,S99920698,X57316452X,Mrs.,Francene766,Lennie123,Cole117,,Orn563,M,white,nonhispanic,F,Somerville  Massachusetts  US,496 Hermiston Fort,Boston,Massachusetts,Suffolk County,25025,02126,42.363932225440564,-71.08813106117127,750545.38,342538.94,45488
c782a0b7-81b3-799f-4e75-895765d16a15,2025-02-07,,999-70-4504,,,,Merlin721,Eddie505,Pollich983,,,,black,nonhispanic,M,Boston  Massachusetts  US,1046 Cole Extension Suite 31,Chicopee,Massachusetts,Hampden County,25013,01022,42.13088334947588,-72.61085719723508,200.00,4708.12,20980
fa2691e2-5f0c-eac4-5794-96997f692d06,1963-08-09,,999-64-7075,S99934585,X13690037X,Mr.,Ira784,Trenton748,Jaskolski867,,,S,white,nonhispanic,M,Boston  Massachusetts  US,1057 Hand Street Apt 25,Marshfield,Massachusetts,Plymouth County,25023,02050,42.07902830462203,-70.68242672473794,115429.92,102196.42,130580
754d7fce-7e70-9f29-e45a-7390a379d13d,2002-08-17,,999-15-6013,S99931406,X43177593X,Mr.,Arturo47,Santiago500,Piña753,,,,white,hispanic,M,Santiago  Santiago Province  CL,688 Zemlak Lock Suite 74,Randolph,Massachusetts,Norfolk County,25021,02368,42.19386430501364,-71.01904847532057,61691.82,1995.31,121679
269c9001-961e-5c04-c250-442ec7c276c5,1966-10-21,,999-84-9323,S99943225,X25649783X,Ms.,Chiquita638,Rayna237,Vandervort697,,,S,white,nonhispanic,F,Stockbridge  Massachusetts  US,219 McDermott Park,Fitchburg,Massachusetts,Worcester County,25027,01420,42.5881908980624,-71.77041031388251,168662.29,389896.25,23993
9338baa0-811c-3dfb-4c38-e7910e8b7236,2024-10-14,,999-56-5408,,,,Yasmine182,Daphne852,Thompson596,,,,white,nonhispanic,F,Easton  Massachusetts  US,796 Medhurst Route Unit 22,Chicopee,Massachusetts,Hampden County,25013,01020,42.23603398976479,-72.52542087997577,200.00,4528.38,25755
5954bd0e-3f91-a78c-9dbf-b5348337199b,1969-01-16,,999-59-9404,S99911920,X81818315X,Mrs.,Willa615,Verlie371,Treutel973,,Dicki44,M,white,nonhispanic,F,Burlington  Massachusetts  US,282 Schaefer Route,Boston,Massachusetts,Suffolk County,25025,02116,42.33337431673997,-71.06290302815187,1013145.75,350310.66,55480
1ce73d11-4159-f37c-a2b6-259553199061,1980-08-22,,999-37-4441,S99996724,X49338312X,Mr.,Arnold338,Ricky354,Bergnaum523,,,M,white,nonhispanic,M,Newton  Massachusetts  US,700 Kuhic Bridge,Hanover,Massachusetts,Plymouth County,,00000,42.08924574611538,-70.89202038887086,149330.31,51868.60,40045
8d2c71f3-02ed-b2cd-5aa2-dbd6d41e3de6,1925-05-29,2007-06-21,999-62-4160,S99942685,X78506142X,Mrs.,Marquita692,Naoma512,Altenwerth646,,Mertz280,D,white,nonhispanic,F,Boston  Massachusetts  US,444 Lemke Harbor Suite 63,Boston,Massachusetts,Suffolk County,25025,02126,42.32258527369867,-71.04042778135425,680311.25,417755.81,45488
e7529149-2aed-8eca-a50d-9962eec2cfb7,2014-07-06,,999-91-9399,,,,Winford225,Nolan344,Pfannerstill264,,,,white,hispanic,M,Westport  Massachusetts  US,856 Gaylord Wall,Swampscott,Massachusetts,Essex County,25009,01907,42.517110256569424,-70.90842753762976,28574.98,0.00,266490
6b18be05-8f92-4199-e09a-7d462a3828f7,1978-07-08,,999-66-2243,S99943199,X1795115X,Mrs.,Trena506,Phoebe31,Bernhard322,,Batz141,W,white,nonhispanic,F,Boston  Massachusetts  US,1018 Kihn Station,West Springfield,Massachusetts,Hampden County,25013,01089,42.13108255861937,-72.61760287625204,222420.12,1550561.65,23701
03f66b92-3aca-380b-e31c-492cbb90c056,1979-08-15,,999-32-4097,S99918535,X26900327X,Mrs.,Lavinia262,Paige606,Hauck852,,Olson653,M,white,nonhispanic,F,Marlborough  Massachusetts  US,781 Ullrich Forge,Chicopee,Massachusetts,Hampden County,25013,01022,42.149255847445616,-72.51629320275984,310796.29,449143.59,91404
62008b79-7fe9-7bf0-642b-578e9edfbe5d,1980-02-12,,999-93-4887,S99993070,X1445068X,Mr.,Darrick836,Alec433,Grant908,,,D,white,nonhispanic,M,Arlington  Massachusetts  US,206 West Estate,Fall River,Massachusetts,Bristol County,25005,02721,41.67810171975507,-71.0935095339171,7081.41,84877.69,13255
ad1bff3b-54d6-70ac-db3f-4cb7447ecbce,1969-10-16,,999-53-1551,S99977614,X76494877X,Ms.,Hester117,Doretta917,Predovic534,,,S,white,nonhispanic,F,Middleton  Massachusetts  US,321 Weber Stravenue,North Brookfield,Massachusetts,Worcester County,25027,01535,42.26904723894342,-72.1132371372074,323686.18,30905.12,62935
b7582b3d-8bb5-b441-b511-c4c874440c5f,1983-07-12,1984-08-17,999-79-5588,,,,Margrett284,Sophia44,Wuckert783,,,,white,nonhispanic,F,Worcester  Massachusetts  US,967 Pouros Crossroad Unit 96,Fall River,Massachusetts,Bristol County,25005,02721,41.69589097572497,-71.15659409355104,522.21,18650.27,21335
6088e633-f469-5de1-ebbb-43076b51fc7d,1984-02-15,,999-23-3134,S99966905,X54180687X,Mrs.,Carla633,,Bermúdez789,,Serrato62,M,asian,hispanic,F,Juarez  Chihuahua  MX,831 Lind Port,Braintree,Massachusetts,Norfolk County,25021,02184,42.161219470435135,-71.05037104152049,119467.96,576545.25,184834
4fd66df8-345c-cb0e-39cd-b8b364e43023,1983-07-12,,999-13-2113,S99965325,X66948384X,Mrs.,Bethanie176,Nikia872,DuBuque211,,Kihn564,M,white,nonhispanic,F,Sandwich  Massachusetts  US,135 Kemmer Row Apt 87,Fall River,Massachusetts,Bristol County,25005,02723,41.65270036624129,-71.14606023574699,14564.80,940174.53,21335
01ae1af3-937a-83eb-2998-8cb6efc21b79,1925-05-29,2020-10-14,999-16-9157,S99915416,X47887141X,Mrs.,Jonna572,Vada440,Collins926,,Robel940,D,white,nonhispanic,F,Boston  Massachusetts  US,885 Parisian Orchard,Boston,Massachusetts,Suffolk County,25025,02128,42.3073984210696,-71.0673100455445,1492872.21,1342694.38,45488
70fc8e44-73ff-ea4c-743b-465e0fef039a,1964-07-14,,999-84-9512,S99949617,X80367201X,Mr.,Edgardo196,Blake449,Auer97,,,M,white,nonhispanic,M,East Longmeadow  Massachusetts  US,442 McClure Trace Suite 51,Worcester,Massachusetts,Worcester County,25027,01602,42.23707762217113,-71.73397093014896,11225.93,141905.06,17435
d97bcae3-192c-2eb8-2c05-8f613a2eef8e,1965-03-01,,999-33-5630,S99958682,X5605520X,Mrs.,Gregory545,Takisha161,Pollich983,,Johnston597,M,asian,nonhispanic,F,Haiphong  Kiến An  VN,501 Bayer Divide Suite 31,Boston,Massachusetts,Suffolk County,25025,02119,42.33481670263237,-71.1273001826112,646797.56,254271.03,79940
adc25003-72ca-d569-ed7b-8ff60fe98f85,1925-05-29,,999-17-7354,S99926480,X48635133X,Mrs.,Cherly215,Dara636,Jacobi462,,Lindgren255,M,white,nonhispanic,F,Waltham  Massachusetts  US,1026 Bergstrom Parade,Boston,Massachusetts,Suffolk County,25025,02121,42.39138907081226,-71.08940219216238,1098576.55,677256.07,45488
f5d80bda-ceb3-cfea-9a6e-48b13af99b5f,2016-03-16,,999-84-7424,,,,Lorenzo669,Timoteo39,Chacón810,,,,white,hispanic,M,Salisbury  Saint Joseph Parish  DM,635 Erdman Underpass,Worcester,Massachusetts,Worcester County,25027,01545,42.316941316439916,-71.77611537514628,19005.91,24093.46,80608
52eeed7f-8294-4dfc-13de-c4ed09a68819,1968-12-15,,999-59-9629,S99925240,X6091327X,Mr.,Amos720,Jerrell6,Connelly992,,,D,white,nonhispanic,M,Boston  Massachusetts  US,152 Satterfield Burg Apt 60,Springfield,Massachusetts,Hampden County,25013,01108,42.097452415005776,-72.50147936624784,591251.79,136297.34,46902
59cae7bf-c627-3fa2-f0bb-d0df58f4d727,1990-05-12,,999-79-5292,S99966646,X58453374X,Mrs.,Lettie611,Georgiana151,Wuckert783,,Ledner144,M,white,nonhispanic,F,Stoughton  Massachusetts  US,966 Donnelly Glen Apt 39,Fall River,Massachusetts,Bristol County,25005,02723,41.73330427663121,-71.17739922995372,154852.73,228256.43,30757
1956ae9a-0a8c-a23b-6908-4592ac5f2aa5,1987-05-08,,999-36-3190,S99942647,X89962933X,Mr.,Porfirio146,Mitch821,Pouros728,,,S,white,nonhispanic,M,Worcester  Massachusetts  US,284 Keebler Glen Suite 69,Fitchburg,Massachusetts,Worcester County,25027,01420,42.5605280331375,-71.84468054368813,74524.61,23675.95,118354
b2d243a3-3157-61c1-bc0f-f0c55a0f18a3,2017-11-27,,999-89-7986,,,,Eugenio846,,Von197,,,,white,nonhispanic,M,Canton  Massachusetts  US,180 Wehner Mews Unit 58,Barre,Massachusetts,Worcester County,25027,01005,42.3820872915023,-72.15433523355496,21072.30,6769.12,157888
3296ee11-753f-a649-2a9a-9b91988df94f,2007-09-15,,999-87-9670,S99962032,,Ms.,Kellye282,Alena861,Gorczany269,,,,white,nonhispanic,F,Lunenburg  Massachusetts  US,348 Collier Junction Apt 57,Quincy,Massachusetts,Norfolk County,25021,02169,42.24018426797841,-71.00832522617081,63980.06,16787.33,110007
0b31b1ac-c1c0-7727-566f-9a4c9422afa6,1985-06-23,,999-67-2637,S99920032,X36366921X,Mrs.,Dulcie148,Darnell564,Roberts511,,Douglas31,M,white,nonhispanic,F,Boston  Massachusetts  US,601 Kihn Union Unit 34,Brockton,Massachusetts,Plymouth County,25023,02301,42.03434876042899,-71.0722463160982,146416.90,380460.03,87046
41ce9d5a-35bc-c03a-7da2-c3bdc14c1e68,1958-01-20,,999-79-6260,S99965739,X56505583X,Mrs.,Kira861,Nyla424,Botsford977,,Mills423,D,black,nonhispanic,F,Quincy  Massachusetts  US,333 Kutch Stravenue Suite 6,Middleborough,Massachusetts,Plymouth County,,00000,41.857999256623906,-70.8509877889555,418358.14,983012.76,126027
73fb14ab-bae0-137a-0756-bc56ccf1dc88,1968-04-08,,999-45-5220,S99971673,X41564436X,Mr.,Asa127,Leonard963,Cole117,,,M,white,hispanic,M,Lancaster  Massachusetts  US,563 Wunsch Walk,Somerville,Massachusetts,Middlesex County,25017,02144,42.35111444738233,-71.13623174371695,133223.69,20327.66,122067
122f6293-5111-41e2-3594-0b8b16e720dc,1981-08-09,,999-88-3922,S99922488,X81536892X,Mr.,Dylan44,Jan231,Becker968,,,M,white,nonhispanic,M,Medford  Massachusetts  US,414 Wehner Crossroad Unit 51,Duxbury,Massachusetts,Plymouth County,25023,02332,42.08171690522766,-70.69839581197509,126081.26,1132.93,84007
d6da2a41-46c7-20f2-9b9e-3262147e766d,1971-02-08,,999-14-4563,S99989598,X25223386X,Mr.,Jarrod316,,Stamm704,,,M,white,nonhispanic,M,Pepperell  Massachusetts  US,266 Kuhn Extension Unit 52,Fall River,Massachusetts,Bristol County,25005,02721,41.74150074070338,-71.10682294688478,313035.68,138986.16,48010
b1eef160-4a4b-0636-8b55-269e6a4a6036,2003-01-15,,999-65-8355,S99949369,X20771836X,Ms.,Tama137,Cordie578,Breitenberg711,,,,white,hispanic,F,Newburyport  Massachusetts  US,848 Pagac Parade Suite 36,Paxton,Massachusetts,Worcester County,,00000,42.319058355027344,-71.92562408658931,94915.30,10770.80,143485
14bebf4d-799e-6024-ea6c-254d1dadfbe1,1969-05-23,,999-73-1152,S99946995,X243239X,Mr.,Jamel269,Kraig824,Pagac496,,,M,white,nonhispanic,M,Newton  Massachusetts  US,587 McKenzie Ferry,Ocean Grove,Massachusetts,Bristol County,,00000,41.727110210041126,-71.18714679941944,209633.96,96305.15,28101
38f65650-9735-8541-322d-387417329eb2,2023-02-24,,999-59-7740,,,,Clarissa466,Shasta644,Feeney44,,,,white,nonhispanic,F,New Bedford  Massachusetts  US,253 Bradtke Crossroad Apt 64,Boston,Massachusetts,Suffolk County,25025,02151,42.34147546250182,-71.11434208666041,7097.88,0.00,56990
a8ba7e43-bfe3-29f4-af2e-4eba523fd80d,1958-09-08,,999-16-2462,S99985024,X85677595X,Mr.,Johnny786,,Witting912,,,M,white,nonhispanic,M,Raynham Center  Massachusetts  US,524 Watsica Underpass,Fairhaven,Massachusetts,Bristol County,,00000,41.60344665348849,-70.89996812344306,218397.10,70042.21,39417
89751f9c-3482-4987-3340-9df17b090330,2017-08-07,,999-81-2490,,,,Merna69,Alida395,Bergnaum523,,,,white,nonhispanic,F,Boston  Massachusetts  US,853 Conn Annex,Newburyport,Massachusetts,Essex County,25009,01950,42.770586388178906,-70.92387651139676,3092.27,33477.26,17015
a77ca98e-a317-a844-6bb5-f44dc8ece776,1977-01-04,,999-25-7726,S99970697,X36512145X,Mr.,Fidel864,Jonathon205,Gusikowski974,,,M,white,nonhispanic,M,Boston  Massachusetts  US,404 Veum Light,Hamilton,Massachusetts,Essex County,,00000,42.6317315004159,-70.82032795519171,133541.32,11643.14,124820
ea9d9c82-2088-e85a-c9bc-47b0db0baa9e,1997-03-05,,999-98-5740,S99972223,X55572926X,Mr.,Reid278,Carson894,Hills818,,,M,white,nonhispanic,M,Boston  Massachusetts  US,539 Rosenbaum Promenade,Burlington,Massachusetts,Middlesex County,25017,01803,42.52938836853011,-71.20928659453297,66117.58,0.00,76360
fcf99efa-d698-1818-b988-57b1680c789e,1970-06-18,,999-69-9651,S99987455,X72863939X,Mrs.,Felicitas300,Donette997,Hayes766,,Wolff180,D,white,nonhispanic,F,Pittsfield  Massachusetts  US,921 Reynolds Pathway,Paxton,Massachusetts,Worcester County,,00000,42.32920302071157,-71.95315036059388,807860.33,552032.25,85852
04be8cdc-5f2f-288b-b19d-5c4b46200ac8,1961-08-12,,999-50-1150,S99992896,X3456201X,Mr.,Alexis664,Brant303,Langworth352,,,S,white,nonhispanic,M,Amherst  Massachusetts  US,684 McKenzie Course Apt 60,Springfield,Massachusetts,Hampden County,25013,01103,42.13450712064045,-72.55980839235357,176468.59,759602.67,62500
ecb87cf3-081e-83f3-b5d9-0995b43c6b68,1981-12-04,,999-76-7820,S99937657,X44419782X,Mr.,Nathaniel596,Jarvis643,Gulgowski816,,,M,black,nonhispanic,M,Arlington  Massachusetts  US,1014 Maggio Trailer Suite 62,Gardner,Massachusetts,Worcester County,25027,01440,42.55597639775802,-71.99783134696051,147239.92,56538.43,53410
44520257-b39c-4f52-caaa-8c891e90d3be,1999-12-21,,999-40-8015,S99962848,X14993551X,Ms.,Venus149,Juan88,Kunde533,,,,asian,hispanic,F,Chelsea  Massachusetts  US,356 O'Kon Parade,Boston,Massachusetts,Suffolk County,25025,02131,42.4078634891111,-71.08808430283344,9535.73,789781.82,23203
3fcfa961-fe00-9e9d-96be-e57fac28ede8,2002-03-09,,999-52-8056,S99932373,X61117047X,Mr.,Toney527,,Hammes673,,,,black,nonhispanic,M,Boston  Massachusetts  US,817 Jacobi Village,Springfield,Massachusetts,Hampden County,25013,01118,42.09363864372169,-72.62882596628424,3895.86,54150.61,646
f9c550b1-b956-8f8b-aa44-db0f51b854eb,1985-04-14,,999-42-5781,S99920094,X36960715X,Mr.,Donnell534,Tommy814,Mann644,,,M,white,nonhispanic,M,Belmont  Massachusetts  US,396 Hegmann Vista Unit 76,Quincy,Massachusetts,Norfolk County,25021,02186,42.233869613993676,-70.98253068058797,120557.01,10992.06,39732
ff53e3d5-c9d5-adfa-ae07-30f6ee981a4c,1978-12-01,,999-15-5006,S99946617,X26173262X,Ms.,Epifania219,Katheryn92,McCullough561,,,S,white,nonhispanic,F,Middleborough  Massachusetts  US,297 Wuckert Divide,Chelsea,Massachusetts,Suffolk County,25025,02151,42.409747807559405,-71.01236021508193,11707.25,609670.50,14152
50c84989-4624-982f-3e0b-ae9ace8dbd48,1986-08-06,,999-21-4780,S99936765,X52873811X,Mr.,Oswaldo857,Wilfredo622,King743,,,M,white,nonhispanic,M,Hanover  Massachusetts  US,219 Reilly View Unit 31,New Bedford,Massachusetts,Bristol County,25005,02746,41.68374611328249,-71.05495539132708,144207.40,354727.90,94647
d1e97df9-d990-ab1a-01cc-43aa5fc8f1a6,2014-10-05,,999-99-8637,,,,Annemarie794,Domonique463,Paucek755,,,,black,hispanic,F,Springfield  Massachusetts  US,701 Mosciski Corner,Winthrop,Massachusetts,Suffolk County,25025,02152,42.32855094663911,-70.99326223214871,16131.09,14327.93,62079
d07968ab-b9b0-8a8e-21ee-7b01eb89e4b4,1996-12-26,,999-12-8592,S99961600,X17820613X,Mr.,Darryl392,Tracey100,Schneider199,,,M,white,nonhispanic,M,East Brookfield  Massachusetts  US,814 Hyatt Vale,Brockton,Massachusetts,Plymouth County,25023,02351,42.09977385576205,-71.06601686333826,143856.08,25695.08,149407
b5465d70-3a6d-6476-d8e2-7efabe47de4a,1993-05-06,,999-80-3435,S99972515,X32791542X,Mr.,Rufus33,Royal919,Ferry570,,,M,white,nonhispanic,M,Boston  Massachusetts  US,928 Donnelly Flat,Holliston,Massachusetts,Middlesex County,,00000,42.225184209688216,-71.48780604508288,123677.62,50291.03,102760
bc11e331-b4f8-1636-5de7-de340ba55716,2017-05-02,,999-22-7976,,,,Ima629,Tracey100,Johnston597,,,,white,nonhispanic,F,Ludlow  Massachusetts  US,469 Breitenberg Light,Franklin,Massachusetts,Norfolk County,25021,02038,42.09633101909133,-71.43664904538507,7093.74,15295.31,68115
338d3323-30fa-f8ad-3e69-1811a945cf1a,1973-06-02,,999-93-1495,S99999325,X4407595X,Mrs.,Laverna97,,Smith67,,Welch179,M,white,nonhispanic,F,Ashland  Massachusetts  US,321 Murphy Promenade,Northfield,Massachusetts,Franklin County,25011,01360,42.6675553226924,-72.494986281454,345032.90,565200.68,594250
fd577712-5885-f80a-2717-4e64b8eedb3d,2004-02-16,,999-52-9952,S99919028,X12561603X,Ms.,Dionna991,Eleanor470,Pfannerstill264,,,,white,nonhispanic,F,Gloucester  Massachusetts  US,337 Beier Drive Unit 2,Andover,Massachusetts,Essex County,25009,01810,42.6602963231417,-71.14759583353005,38900.57,32993.77,99087
99e9a6c1-1600-3e7c-1f1e-1deaba296a7d,1973-05-29,,999-96-6548,S99969506,X73956302X,Mr.,Earl438,Paris331,Kautzer186,,,M,white,nonhispanic,M,Falmouth  Massachusetts  US,933 Kunze Glen Suite 34,Weymouth,Massachusetts,Norfolk County,25021,02188,42.16029159525994,-70.95886937313492,8071.10,109963.11,10490
51e810e1-a292-a5b9-857d-9fb399572b8a,2025-05-26,,999-73-7562,,,,Zane918,Dominique369,Walker122,,,,white,nonhispanic,M,Boston  Massachusetts  US,166 Veum Union,West Yarmouth,Massachusetts,Barnstable County,25001,02673,41.63403642800808,-70.2112850732927,4371.43,0.00,119027
bcb39dd5-526b-3235-f97d-5386edb27fa9,1932-09-19,2004-05-04,999-24-3686,S99955617,X75319176X,Mrs.,Zella14,Mae105,Fay398,,Prohaska837,W,white,nonhispanic,F,Chelmsford  Massachusetts  US,268 Waters Gate,Eastham,Massachusetts,Barnstable County,,00000,41.796131208071465,-70.00035979962414,1160956.15,570465.51,52413
07356e42-305a-8e08-10af-17d8fbd15db6,1981-04-12,,999-58-6132,S99915680,X38848316X,Mrs.,Lashanda692,Talitha643,Keebler762,,Beier427,M,white,nonhispanic,F,Dracut  Massachusetts  US,140 Daniel Overpass,Springfield,Massachusetts,Hampden County,25013,01103,42.09440555397045,-72.55723324243849,210335.20,842101.44,33918
e3694fe7-1864-9c62-7fca-527181386876,1932-09-19,1974-05-31,999-35-1925,S99913631,X12103008X,Mrs.,Hertha832,Li461,Krajcik437,,Tillman293,M,white,nonhispanic,F,Fall River  Massachusetts  US,601 Schulist Approach Suite 29,Eastham,Massachusetts,Barnstable County,,00000,41.82492447883597,-69.9500600744259,664955.69,289110.35,52413
6306e484-3fb7-8d08-a3e7-70f4b2cf89bc,1932-09-19,2010-09-18,999-61-8087,S99965280,X65058136X,Mrs.,Eliana466,Carmella421,Thiel172,,Waelchi213,D,white,nonhispanic,F,Worcester  Massachusetts  US,359 Paucek Vista Unit 92,Eastham,Massachusetts,Barnstable County,,00000,41.88158203173769,-69.95354029956009,806042.59,1032199.48,52413
0cae75fd-6c6a-48fe-76a1-2556bab17ba9,1960-04-17,,999-27-3092,S99949264,X29415936X,Mrs.,Doretha289,,Pfannerstill264,,Steuber698,M,white,nonhispanic,F,Wilmington  Massachusetts  US,706 Cronin Divide,Gloucester,Massachusetts,Essex County,25009,01930,42.61548397234058,-70.72388404898042,217696.72,1540094.23,483572
24c86b6e-7e7e-a24d-f0b8-dd329946043b,1969-05-31,2016-12-20,999-19-3027,S99961321,X57199910X,Mr.,Shon148,Dion244,Senger904,,,D,white,nonhispanic,M,Springfield  Massachusetts  US,152 Abernathy Gate,Peabody,Massachusetts,Essex County,25009,01960,42.49353426465222,-70.99189959469358,345457.18,632516.32,55451
072cf2a0-0186-ca37-39fd-f82ff5daf4ee,1956-12-13,,999-28-6891,S99941873,X55714866X,Mr.,Lyle846,,Herman763,,,M,white,nonhispanic,M,Nantucket  Massachusetts  US,1076 Jerde Mews,Fairhaven,Massachusetts,Bristol County,,00000,41.5931547128417,-70.83091531904128,379450.60,134148.44,37497
9f44ac3c-f936-3d01-e81b-3ff215d19cae,1969-05-31,,999-68-7185,S99915989,X12868963X,Mr.,Anderson154,Erich201,Senger904,,,S,white,nonhispanic,M,Franklin  Massachusetts  US,338 Towne Knoll,Peabody,Massachusetts,Essex County,25009,01940,42.57765666485431,-70.93503341610298,55351.75,70579.70,55451
daa30fa2-0060-d3a4-6879-f290faaeca64,1970-06-02,,999-80-7448,S99955309,X17439396X,Mrs.,Shawnna218,,Gusikowski974,,Monahan736,M,white,nonhispanic,F,New Bedford  Massachusetts  US,893 Boyer Esplanade Suite 21,Pembroke,Massachusetts,Plymouth County,,00000,42.06531718874937,-70.80584336717187,275368.61,186913.66,187022
89eded81-4a51-f304-ee16-58c137114a71,1957-02-17,,999-51-4816,S99929172,X52115234X,Mr.,Antione404,Rhett759,Haag279,,,D,white,nonhispanic,M,Brockton  Massachusetts  US,574 Kirlin Corner Suite 56,Fall River,Massachusetts,Bristol County,25005,02723,41.720414046855446,-71.05497667505271,636330.88,978751.70,54016
b45d91ac-99ab-090a-df65-e60585ff87b3,2023-04-09,,999-68-6404,,,,Carlene772,Serita370,O'Kon634,,,,asian,nonhispanic,F,Haverhill  Massachusetts  US,483 Quigley Bypass,Springfield,Massachusetts,Hampden County,25013,01104,42.17568088168914,-72.60059080431238,500.00,8216.52,16726
57e74565-e24b-36f8-35cf-e214efa5b812,1961-02-01,,999-65-8529,S99962354,X31119229X,Mrs.,Allene83,,O'Conner199,JD,Becker968,D,white,nonhispanic,F,Kingston  Massachusetts  US,608 Rohan Spur,Braintree,Massachusetts,Norfolk County,25021,02184,42.170351450903844,-71.00576063800244,251619.33,850406.40,602856
37d7cc21-21ef-22bc-9f01-38a3eb542f3d,1952-06-02,,999-82-8980,S99938041,X27337442X,Mr.,Junior695,Russell422,Simonis280,,,S,white,nonhispanic,M,Everett  Massachusetts  US,179 Hettinger Underpass Unit 82,Easton,Massachusetts,Bristol County,,00000,41.995385681968614,-71.09769615209068,41475.08,391773.08,915172
be5e30bc-bb23-5efe-9fcc-5a54556954c4,1932-09-19,2023-06-11,999-71-9802,S99968599,X40813893X,Mrs.,Carola944,Jackie93,Gibson10,,Keeling57,M,white,nonhispanic,F,Cambridge  Massachusetts  US,700 Runolfsson Dale Suite 38,Eastham,Massachusetts,Barnstable County,,00000,41.80528126591387,-69.94592629983795,843383.09,756574.30,52413
396f5810-7c15-9dc4-13f0-07e55afa7514,1997-10-05,,999-97-4395,S99961249,X83422848X,Mrs.,Jone716,Suzann567,Dickens475,,Jast432,M,black,nonhispanic,F,Cambridge  Massachusetts  US,338 Zemlak Village,Boston,Massachusetts,Suffolk County,25025,02210,42.363104947124576,-71.03149827630449,20763.54,411658.15,14767
6759c175-183f-ac82-c4ea-89d73431f17e,1922-09-09,1993-01-16,999-23-4315,S99995827,X57642127X,Mrs.,Elmer371,,Pollich983,,Hintz995,M,white,nonhispanic,F,West Wareham  Massachusetts  US,998 Bahringer Manor Unit 53,Plymouth,Massachusetts,Plymouth County,25023,02360,41.914602126114936,-70.64994288126037,16907.81,1100639.81,5372
3296a18e-14e7-d310-217e-92e0c80d5cd5,1987-01-23,,999-88-3946,S99992067,X8005259X,Mrs.,Sherly665,Arlene209,Greenfelder433,,D'Amore443,M,white,nonhispanic,F,Falmouth  Massachusetts  US,484 Mills Heights Unit 39,Bridgewater,Massachusetts,Plymouth County,25023,02324,41.9933614272333,-70.94521273981431,327223.30,279332.42,68469
be2cd7b7-6d1b-b446-deb4-7b850d845064,1932-09-19,2010-10-03,999-87-4058,S99937071,X52437357X,Ms.,Eilene124,Gabriele201,Farrell962,,,S,white,nonhispanic,F,Braintree  Massachusetts  US,330 Ward Estate,Eastham,Massachusetts,Barnstable County,,00000,41.88201364529301,-70.03132208025231,637035.44,465202.67,52413
08cc9caf-641e-ccbc-6426-51afe8152abe,1922-09-09,1979-12-25,999-73-3250,S99946927,X27571761X,Mrs.,Zoraida650,Jerrica452,Gislason620,,Powlowski563,M,white,nonhispanic,F,Webster  Massachusetts  US,1014 Boehm Spur,Plymouth,Massachusetts,Plymouth County,25023,02360,41.862552391359,-70.59598957351973,21081.42,1040700.08,5372
378840c3-6659-93be-e03b-56fb31f84281,1932-09-19,,999-95-4430,S99999315,X40122986X,Mrs.,Yu876,Flor713,Krajcik437,,Bailey598,D,white,nonhispanic,F,Pepperell  Massachusetts  US,223 Jacobs Rue,Eastham,Massachusetts,Barnstable County,,00000,41.82880634535085,-69.97368228457665,649700.73,251413.23,52413
e07a1bf1-f5b8-2894-c2db-02270a507bc0,1982-05-13,,999-22-2200,S99937790,X33108808X,Mr.,Santiago500,Jamaal34,Crist667,,,M,white,nonhispanic,M,Falmouth  Massachusetts  US,369 Schmeler Vale Suite 67,New Bedford,Massachusetts,Bristol County,25005,02744,41.65574683519538,-70.90725198113797,98464.66,61931.37,30460
eb688301-18a0-59a1-33b1-b764c0e66f09,1969-07-15,2020-07-28,999-27-2708,S99987598,X84117677X,Mr.,Raleigh478,Florentino8,Barton704,,,S,white,nonhispanic,M,Westford  Massachusetts  US,156 Abernathy Stravenue,Kingston,Massachusetts,Plymouth County,25023,02364,41.96032877513387,-70.73780332605064,151413.48,1378431.33,93879
ebf2935f-78c8-1f77-69bc-d89374938f0b,2016-12-03,,999-60-8194,,,,Jacquelin132,Cristina921,Prosacco716,,,,white,nonhispanic,F,Everett  Massachusetts  US,979 Zieme Loaf,South Hadley,Massachusetts,Hampshire County,,00000,42.28945033868536,-72.58147855245397,33034.08,284.96,70890
924e346f-706a-3cf6-111c-d13391ce3d38,1973-07-27,,999-52-2766,S99912788,X49991920X,Mrs.,Jacelyn576,Libby988,Bergstrom287,,Brekke496,M,white,nonhispanic,F,Paxton  Massachusetts  US,822 Hansen Rue Unit 61,Foxborough,Massachusetts,Norfolk County,25021,02035,42.07580447340406,-71.26607044096394,307394.06,11406.99,43070
95970865-72bc-9785-180b-3a8157358c95,1969-07-15,,999-80-4731,S99937571,X21196062X,Mr.,Esteban536,Eugene421,Eichmann909,,,M,white,nonhispanic,M,Westfield  Massachusetts  US,680 Anderson Mews,Kingston,Massachusetts,Plymouth County,25023,02364,42.014980203492776,-70.74859914132098,317445.90,135658.27,93879
c0c44cc8-bd1c-d09e-50e0-51dc08f804aa,1939-10-24,,999-23-2908,S99935708,X72126956X,Mr.,Gustavo235,Antione404,Schulist381,,,S,white,nonhispanic,M,Lawrence  Massachusetts  US,703 Becker Extension,Somerville,Massachusetts,Middlesex County,25017,02138,42.394742405208284,-71.13041606163038,246049.79,137513.81,90767
bffaab89-16ef-b736-14c2-255ffe3e3887,1976-03-31,,999-51-7090,S99923838,X60121156X,Mrs.,Jocelyn538,,Bosco882,,Tromp100,M,white,nonhispanic,F,Cambridge  Massachusetts  US,622 Wisoky Spur,Belmont,Massachusetts,Middlesex County,25017,02138,42.43816591155297,-71.21641152274842,326852.29,706028.12,155352
13364c3e-6059-6ce6-729b-514864eb419b,1947-02-18,,999-23-9746,S99991243,X23219112X,Mrs.,Ossie995,Yelena240,Donnelly343,,West559,M,white,nonhispanic,F,Uxbridge  Massachusetts  US,644 Bashirian Terrace,Great Barrington,Massachusetts,Berkshire County,25003,01230,42.24476395422347,-73.2973393003374,160560.01,552250.69,23554
af3703ed-104a-f527-22f0-48313fea6f88,1951-09-26,,999-36-7948,S99979398,X46235903X,Ms.,Georgine810,Allen322,Boyle917,,,S,white,hispanic,F,Wakefield  Massachusetts  US,344 Gusikowski Corner Suite 65,Lawrence,Massachusetts,Essex County,25009,01840,42.682435791116006,-71.15132609825265,47461.87,1558478.96,13780
11fb6b9d-609d-25c1-1859-a5af1c48da45,1945-01-23,,999-35-9510,S99969805,X3255353X,Mrs.,Gerda633,,Williamson769,,Schmeler639,D,white,nonhispanic,F,Boston  Massachusetts  US,136 Kshlerin Dale,West Bridgewater,Massachusetts,Plymouth County,,00000,42.021526652707735,-71.01415952822424,297619.38,846275.84,567235
69e0dfc5-69cc-246f-e264-f84fe2501539,1974-04-25,,999-42-9179,S99937013,X16438291X,Mr.,Rodney21,Marvin195,Mann644,,,S,asian,nonhispanic,M,Beijing  Beijing Municipality  CN,307 Bradtke Union Unit 76,West Springfield,Massachusetts,Hampden County,25013,01089,42.08501884654584,-72.69209405873306,123875.54,199510.08,29432
cb6e2449-03c1-0006-07c4-af4d83e0fa4a,2001-04-18,,999-38-6272,S99946254,X78781169X,Mr.,Raymon366,,Bernhard322,,,,white,nonhispanic,M,Arlington  Massachusetts  US,972 Weber Parade Unit 36,Framingham,Massachusetts,Middlesex County,25017,01701,42.30033383369369,-71.47382488173912,4706.65,56434.58,4386
c5c2aa67-b9d5-c55b-07b3-14f6349f3c3e,2019-02-28,,999-84-9291,,,,Dorothy355,Adelia946,Zulauf375,,,,white,nonhispanic,F,West Bridgewater  Massachusetts  US,772 Toy Lane,Wilmington,Massachusetts,Middlesex County,25017,01887,42.60834527887384,-71.11729521713401,26068.26,8071.73,93230
12d3b80b-03b0-ad49-1469-f4950e13357a,1975-10-08,,999-98-9606,S99995064,X21984379X,Mr.,Emmanuel930,Will178,Morar593,MD,,S,white,nonhispanic,M,Worcester  Massachusetts  US,105 Waelchi Rue Unit 27,Scituate,Massachusetts,Plymouth County,25023,02066,42.23382168149835,-70.7633551658271,105250.80,5770.79,95112
755f0482-ef05-d0c5-3880-6867309648ae,1987-07-19,,999-92-5505,S99998848,X22437682X,Mrs.,Philomena945,,Stanton715,,Veum823,M,white,nonhispanic,F,New Bedford  Massachusetts  US,394 Ferry Dale Unit 98,Waltham,Massachusetts,Middlesex County,25017,02453,42.390063349266406,-71.16658054379384,223417.90,583022.79,171862
872b9c3e-0eae-6af0-45a3-efa477759337,2009-08-17,,999-39-4026,S99944548,,,Elsy53,Gisele901,Renner328,,,,white,nonhispanic,F,Ludlow  Massachusetts  US,171 Powlowski Hollow Apt 80,Waltham,Massachusetts,Middlesex County,25017,02452,42.34064103687671,-71.15551135225351,3239.12,52786.24,23864
02bfaacd-a829-fab9-1e7d-7d0fc44b1b69,2015-01-23,,999-78-6572,,,,Juana825,,Manzanares924,,,,white,hispanic,F,Puebla  Puebla  MX,535 Waters Annex Apt 91,New Bedford,Massachusetts,Bristol County,25005,02745,41.73123020429012,-70.8810873869708,2296.12,26771.23,1583
a2c86028-2d9e-a4b7-8fc8-8c46d9de48c2,1961-03-16,,999-55-6837,S99981700,X48177253X,Mr.,Jacinto644,Virgil85,Zemlak964,,,M,white,nonhispanic,M,Georgetown  Massachusetts  US,1010 Toy Route Apt 71,Marion,Massachusetts,Plymouth County,,00000,41.73111788199358,-70.78340093234318,197138.98,108572.09,66229
b7672a45-fe62-d8e3-9721-809e3ede1700,1922-09-09,,999-91-1291,S99944180,X35482474X,Ms.,Afton574,,Casper496,,,S,white,nonhispanic,F,Pinehurst  Massachusetts  US,183 Hagenes Stravenue Suite 78,Plymouth,Massachusetts,Plymouth County,25023,02360,41.918324450737565,-70.58008445181892,135824.63,2588731.22,5372
